-- phpMyAdmin SQL Dump
-- version 5.0.2
-- https://www.phpmyadmin.net/
--
-- Host: 127.0.0.1
-- Generation Time: May 19, 2021 at 03:02 PM
-- Server version: 10.4.13-MariaDB
-- PHP Version: 7.4.8

SET SQL_MODE = "NO_AUTO_VALUE_ON_ZERO";
START TRANSACTION;
SET time_zone = "+00:00";


/*!40101 SET @OLD_CHARACTER_SET_CLIENT=@@CHARACTER_SET_CLIENT */;
/*!40101 SET @OLD_CHARACTER_SET_RESULTS=@@CHARACTER_SET_RESULTS */;
/*!40101 SET @OLD_COLLATION_CONNECTION=@@COLLATION_CONNECTION */;
/*!40101 SET NAMES utf8mb4 */;

--
-- Database: `tes`
--

-- --------------------------------------------------------

--
-- Table structure for table `kategories`
--

CREATE TABLE `kategories` (
  `id` int(10) UNSIGNED NOT NULL,
  `kategori` varchar(255) COLLATE utf8mb4_unicode_ci NOT NULL,
  `created_at` timestamp NOT NULL DEFAULT current_timestamp(),
  `updated_at` timestamp NOT NULL DEFAULT current_timestamp()
) ENGINE=InnoDB DEFAULT CHARSET=utf8mb4 COLLATE=utf8mb4_unicode_ci;

--
-- Dumping data for table `kategories`
--

INSERT INTO `kategories` (`id`, `kategori`, `created_at`, `updated_at`) VALUES
(1, 'Ringan', '2021-05-10 06:01:07', '2021-05-10 06:01:07'),
(2, 'Sedang', '2021-05-10 06:01:07', '2021-05-10 06:01:07'),
(3, 'Berat', '2021-05-10 06:01:07', '2021-05-10 06:01:07');

-- --------------------------------------------------------

--
-- Table structure for table `kelas`
--

CREATE TABLE `kelas` (
  `id` int(10) UNSIGNED NOT NULL,
  `kelas_grup_id` int(10) UNSIGNED NOT NULL,
  `kelas` varchar(255) COLLATE utf8mb4_unicode_ci NOT NULL,
  `created_at` timestamp NOT NULL DEFAULT current_timestamp(),
  `updated_at` timestamp NOT NULL DEFAULT current_timestamp()
) ENGINE=InnoDB DEFAULT CHARSET=utf8mb4 COLLATE=utf8mb4_unicode_ci;

--
-- Dumping data for table `kelas`
--

INSERT INTO `kelas` (`id`, `kelas_grup_id`, `kelas`, `created_at`, `updated_at`) VALUES
(1, 1, 'Teknik Komputer Jaringan 1', '2021-05-10 06:01:06', '2021-05-10 06:01:06'),
(2, 1, 'Teknik Komputer Jaringan 2', '2021-05-10 06:01:06', '2021-05-10 06:01:06'),
(3, 1, 'Teknik Komputer Jaringan 3', '2021-05-10 06:01:06', '2021-05-10 06:01:06'),
(4, 2, 'Teknik Komputer Jaringan 1', '2021-05-10 06:01:06', '2021-05-10 06:01:06'),
(5, 2, 'Teknik Komputer Jaringan 2', '2021-05-10 06:01:06', '2021-05-10 06:01:06'),
(6, 2, 'Teknik Komputer Jaringan 3', '2021-05-10 06:01:06', '2021-05-10 06:01:06'),
(7, 3, 'Teknik Komputer Jaringan 1', '2021-05-10 06:01:06', '2021-05-10 06:01:06'),
(8, 3, 'Teknik Komputer Jaringan 2', '2021-05-10 06:01:06', '2021-05-10 06:01:06'),
(9, 3, 'Teknik Komputer Jaringan 3', '2021-05-10 06:01:06', '2021-05-10 06:01:06'),
(10, 4, 'Pemasaran 1', '2021-05-10 06:01:06', '2021-05-10 06:01:06'),
(11, 4, 'Pemasaran 2', '2021-05-10 06:01:06', '2021-05-10 06:01:06'),
(12, 4, 'Pemasaran 3', '2021-05-10 06:01:06', '2021-05-10 06:01:06'),
(13, 5, 'Pemasaran 1', '2021-05-10 06:01:06', '2021-05-10 06:01:06'),
(14, 5, 'Pemasaran 2', '2021-05-10 06:01:06', '2021-05-10 06:01:06'),
(15, 5, 'Pemasaran 3', '2021-05-10 06:01:06', '2021-05-10 06:01:06'),
(16, 6, 'Pemasaran 1', '2021-05-10 06:01:06', '2021-05-10 06:01:06'),
(17, 6, 'Pemasaran 2', '2021-05-10 06:01:06', '2021-05-10 06:01:06'),
(18, 6, 'Pemasaran 3', '2021-05-10 06:01:06', '2021-05-10 06:01:06'),
(19, 7, 'Multimedia 1', '2021-05-10 06:01:06', '2021-05-10 06:01:06'),
(20, 7, 'Multimedia 2', '2021-05-10 06:01:06', '2021-05-10 06:01:06'),
(21, 7, 'Multimedia 3', '2021-05-10 06:01:06', '2021-05-10 06:01:06'),
(22, 8, 'Multimedia 1', '2021-05-10 06:01:06', '2021-05-10 06:01:06'),
(23, 8, 'Multimedia 2', '2021-05-10 06:01:06', '2021-05-10 06:01:06'),
(24, 8, 'Multimedia 3', '2021-05-10 06:01:06', '2021-05-10 06:01:06'),
(25, 9, 'Multimedia 1', '2021-05-10 06:01:06', '2021-05-10 06:01:06'),
(26, 9, 'Multimedia 2', '2021-05-10 06:01:06', '2021-05-10 06:01:06'),
(27, 9, 'Multimedia 3', '2021-05-10 06:01:06', '2021-05-10 06:01:06'),
(28, 10, 'Kimia Industri 1', '2021-05-10 06:01:06', '2021-05-10 06:01:06'),
(29, 10, 'Kimia Industri 2', '2021-05-10 06:01:06', '2021-05-10 06:01:06'),
(30, 10, 'Kimia Industri 3', '2021-05-10 06:01:06', '2021-05-10 06:01:06'),
(31, 11, 'Kimia Industri 1', '2021-05-10 06:01:06', '2021-05-10 06:01:06'),
(32, 11, 'Kimia Industri 2', '2021-05-10 06:01:06', '2021-05-10 06:01:06'),
(33, 11, 'Kimia Industri 3', '2021-05-10 06:01:06', '2021-05-10 06:01:06'),
(34, 12, 'Kimia Industri 1', '2021-05-10 06:01:06', '2021-05-10 06:01:06'),
(35, 12, 'Kimia Industri 2', '2021-05-10 06:01:06', '2021-05-10 06:01:06'),
(36, 12, 'Kimia Industri 3', '2021-05-10 06:01:06', '2021-05-10 06:01:06'),
(37, 13, 'Akuntansi 1', '2021-05-10 06:01:06', '2021-05-10 06:01:06'),
(38, 13, 'Akuntansi 2', '2021-05-10 06:01:06', '2021-05-10 06:01:06'),
(39, 13, 'Akuntansi 3', '2021-05-10 06:01:06', '2021-05-10 06:01:06'),
(40, 14, 'Akuntansi 1', '2021-05-10 06:01:06', '2021-05-10 06:01:06'),
(41, 14, 'Akuntansi 2', '2021-05-10 06:01:06', '2021-05-10 06:01:06'),
(42, 14, 'Akuntansi 3', '2021-05-10 06:01:06', '2021-05-10 06:01:06'),
(43, 15, 'Akuntansi 1', '2021-05-10 06:01:06', '2021-05-10 06:01:06'),
(44, 15, 'Akuntansi 2', '2021-05-10 06:01:06', '2021-05-10 06:01:06'),
(45, 15, 'Akuntansi 3', '2021-05-10 06:01:06', '2021-05-10 06:01:06');

-- --------------------------------------------------------

--
-- Table structure for table `kelas_grups`
--

CREATE TABLE `kelas_grups` (
  `id` int(10) UNSIGNED NOT NULL,
  `tingkat` varchar(255) COLLATE utf8mb4_unicode_ci NOT NULL,
  `jurusan` varchar(255) COLLATE utf8mb4_unicode_ci NOT NULL,
  `created_at` timestamp NOT NULL DEFAULT current_timestamp(),
  `updated_at` timestamp NOT NULL DEFAULT current_timestamp()
) ENGINE=InnoDB DEFAULT CHARSET=utf8mb4 COLLATE=utf8mb4_unicode_ci;

--
-- Dumping data for table `kelas_grups`
--

INSERT INTO `kelas_grups` (`id`, `tingkat`, `jurusan`, `created_at`, `updated_at`) VALUES
(1, '10', 'Teknik Komputer Jaringan', '2021-05-10 06:01:06', '2021-05-10 06:01:06'),
(2, '11', 'Teknik Komputer Jaringan', '2021-05-10 06:01:06', '2021-05-10 06:01:06'),
(3, '12', 'Teknik Komputer Jaringan', '2021-05-10 06:01:06', '2021-05-10 06:01:06'),
(4, '10', 'Pemasaran', '2021-05-10 06:01:06', '2021-05-10 06:01:06'),
(5, '11', 'Pemasaran', '2021-05-10 06:01:06', '2021-05-10 06:01:06'),
(6, '12', 'Pemasaran', '2021-05-10 06:01:06', '2021-05-10 06:01:06'),
(7, '10', 'Multimedia', '2021-05-10 06:01:06', '2021-05-10 06:01:06'),
(8, '11', 'Multimedia', '2021-05-10 06:01:06', '2021-05-10 06:01:06'),
(9, '12', 'Multimedia', '2021-05-10 06:01:06', '2021-05-10 06:01:06'),
(10, '10', 'Kimia Industri', '2021-05-10 06:01:06', '2021-05-10 06:01:06'),
(11, '11', 'Kimia Industri', '2021-05-10 06:01:06', '2021-05-10 06:01:06'),
(12, '12', 'Kimia Industri', '2021-05-10 06:01:06', '2021-05-10 06:01:06'),
(13, '10', 'Akuntansi', '2021-05-10 06:01:06', '2021-05-10 06:01:06'),
(14, '11', 'Akuntansi', '2021-05-10 06:01:06', '2021-05-10 06:01:06'),
(15, '12', 'Akuntansi', '2021-05-10 06:01:06', '2021-05-10 06:01:06');

-- --------------------------------------------------------

--
-- Table structure for table `migrations`
--

CREATE TABLE `migrations` (
  `id` int(10) UNSIGNED NOT NULL,
  `migration` varchar(255) COLLATE utf8mb4_unicode_ci NOT NULL,
  `batch` int(11) NOT NULL
) ENGINE=InnoDB DEFAULT CHARSET=utf8mb4 COLLATE=utf8mb4_unicode_ci;

--
-- Dumping data for table `migrations`
--

INSERT INTO `migrations` (`id`, `migration`, `batch`) VALUES
(1, '2021_05_03_135100_kelas_grup', 1),
(2, '2021_05_03_135146_status', 1),
(3, '2021_05_03_135217_nilai', 1),
(4, '2021_05_03_135229_kategori', 1),
(5, '2021_05_03_135254_pengguna', 1),
(6, '2021_05_03_135311_kelas', 1),
(7, '2021_05_03_135341_siswa', 1),
(8, '2021_05_03_135430_poin', 1),
(9, '2021_05_03_135911_motivasi', 1);

-- --------------------------------------------------------

--
-- Table structure for table `motivasies`
--

CREATE TABLE `motivasies` (
  `id` int(10) UNSIGNED NOT NULL,
  `siswa_id` int(10) UNSIGNED NOT NULL,
  `motivasi` varchar(255) COLLATE utf8mb4_unicode_ci NOT NULL,
  `created_at` timestamp NOT NULL DEFAULT current_timestamp(),
  `updated_at` timestamp NOT NULL DEFAULT current_timestamp()
) ENGINE=InnoDB DEFAULT CHARSET=utf8mb4 COLLATE=utf8mb4_unicode_ci;

--
-- Dumping data for table `motivasies`
--

INSERT INTO `motivasies` (`id`, `siswa_id`, `motivasi`, `created_at`, `updated_at`) VALUES
(2, 1, 'Semoga menjadi lebih baik yaaaa.', '2021-05-18 04:30:04', '2021-05-18 04:30:04');

-- --------------------------------------------------------

--
-- Table structure for table `nilaies`
--

CREATE TABLE `nilaies` (
  `id` int(10) UNSIGNED NOT NULL,
  `nilai` varchar(255) COLLATE utf8mb4_unicode_ci NOT NULL,
  `predikat` varchar(255) COLLATE utf8mb4_unicode_ci NOT NULL,
  `created_at` timestamp NOT NULL DEFAULT current_timestamp(),
  `updated_at` timestamp NOT NULL DEFAULT current_timestamp()
) ENGINE=InnoDB DEFAULT CHARSET=utf8mb4 COLLATE=utf8mb4_unicode_ci;

--
-- Dumping data for table `nilaies`
--

INSERT INTO `nilaies` (`id`, `nilai`, `predikat`, `created_at`, `updated_at`) VALUES
(1, 'A', 'Amat Baik', '2021-05-10 06:01:06', '2021-05-10 06:01:06'),
(2, 'B', 'Baik', '2021-05-10 06:01:06', '2021-05-10 06:01:06'),
(3, 'C', 'Cukup', '2021-05-10 06:01:06', '2021-05-10 06:01:06'),
(4, 'D', 'Kurang', '2021-05-10 06:01:06', '2021-05-10 06:01:06'),
(5, 'E', 'Amat Kurang', '2021-05-10 06:01:06', '2021-05-10 06:01:06');

-- --------------------------------------------------------

--
-- Table structure for table `penggunas`
--

CREATE TABLE `penggunas` (
  `id` int(10) UNSIGNED NOT NULL,
  `status_id` int(10) UNSIGNED NOT NULL,
  `username` varchar(255) COLLATE utf8mb4_unicode_ci NOT NULL,
  `nama` varchar(255) COLLATE utf8mb4_unicode_ci NOT NULL,
  `password` text COLLATE utf8mb4_unicode_ci NOT NULL,
  `email` varchar(255) COLLATE utf8mb4_unicode_ci NOT NULL,
  `token` text COLLATE utf8mb4_unicode_ci DEFAULT NULL,
  `created_at` timestamp NOT NULL DEFAULT current_timestamp(),
  `updated_at` timestamp NOT NULL DEFAULT current_timestamp()
) ENGINE=InnoDB DEFAULT CHARSET=utf8mb4 COLLATE=utf8mb4_unicode_ci;

--
-- Dumping data for table `penggunas`
--

INSERT INTO `penggunas` (`id`, `status_id`, `username`, `nama`, `password`, `email`, `token`, `created_at`, `updated_at`) VALUES
(1, 1, 'admin1', 'Admin 1', '$2y$10$OUEgLKN89Ytev4yENMMDnO8KZXfDOKofsQ/.sUUky1TO6FeUIglE2', 'emailnya.sodiq@gmail.com', 'eyJpdiI6IlVlY21UZjBLOVpLcUd5ZEYzSE5wXC9nPT0iLCJ2YWx1ZSI6Im4xMzdXenNQVXVMNVpVbWZKc1FhS0E9PSIsIm1hYyI6IjNmMzRkZTA2NTFkM2IwYmUxMzljNDNiY2ZlOWE1MDJkZDYyMTZiOTRlZDMyYTU1ZGQ2MTdmMTY4YTZhMTY2ZTcifQ==', '2021-05-10 06:01:07', '2021-05-09 23:44:16'),
(2, 1, 'admin2', 'Admin 2', '$2y$10$0kCl.oLruEo8aOUrKBxCo.l1wiZfnHmMup7EODzTiZlOAAEMmxnBy', 'sodiq.private@gmail.com', 'eyJpdiI6IjFsMjJcL2pWYStEVE1zcEhRSmFYSlwvZz09IiwidmFsdWUiOiIyYnVsQjFlSWtTXC9WWG5jcklrNlBmUT09IiwibWFjIjoiMzQ5MTNiNmJkYjg2Zjg1NjA2MzgzMGU4MWQzNmM3Y2RjMTAzN2RlMmE4NTc1YTc2ZGViNzI5NGNiZmNmYzUxYiJ9', '2021-05-10 06:01:07', '2021-05-09 23:12:12'),
(3, 2, '95864303', 'Alika Agustina', '$2y$10$DZNhNPOVaqxe8RSNnOvDauv6fA.VkdH0eQnC91jzd3WUaVI19C.5S', 'sodiq.jobseeker@gmail.com', NULL, '2021-05-09 23:13:31', '2021-05-11 09:01:09'),
(4, 2, '14540010', 'Kasim Cawisono Nainggolan', '$2y$10$y14ur8l/ty0TkZ17e.1Zle5oMPfyuTjTl0oIN65IHOTzL.wy88tCi', 'sodiq.gamebot@gmail.com', NULL, '2021-05-09 23:14:09', '2021-05-09 23:14:09');

-- --------------------------------------------------------

--
-- Table structure for table `poins`
--

CREATE TABLE `poins` (
  `id` int(10) UNSIGNED NOT NULL,
  `siswa_id` int(10) UNSIGNED NOT NULL,
  `kategori_id` int(10) UNSIGNED NOT NULL,
  `jenis_pelanggaran` varchar(255) COLLATE utf8mb4_unicode_ci NOT NULL,
  `poin` varchar(255) COLLATE utf8mb4_unicode_ci NOT NULL,
  `tanggal` date NOT NULL,
  `created_at` timestamp NOT NULL DEFAULT current_timestamp(),
  `updated_at` timestamp NOT NULL DEFAULT current_timestamp()
) ENGINE=InnoDB DEFAULT CHARSET=utf8mb4 COLLATE=utf8mb4_unicode_ci;

--
-- Dumping data for table `poins`
--

INSERT INTO `poins` (`id`, `siswa_id`, `kategori_id`, `jenis_pelanggaran`, `poin`, `tanggal`, `created_at`, `updated_at`) VALUES
(1, 316, 1, 'Tidak memakai dasi', '5', '2021-05-10', '2021-05-09 23:16:54', '2021-05-09 23:16:54'),
(2, 1, 2, 'Pulang pada saat jam pelajaran', '10', '2021-05-10', '2021-05-09 23:51:58', '2021-05-16 04:43:42'),
(5, 317, 3, 'Merokok di lingkungan sekolah', '20', '2021-05-11', '2021-05-10 22:20:20', '2021-05-10 22:20:20'),
(6, 1, 3, 'Membawa narkoba ke sekolah', '75', '2021-05-11', '2021-05-10 22:43:28', '2021-05-18 05:20:09');

-- --------------------------------------------------------

--
-- Table structure for table `siswas`
--

CREATE TABLE `siswas` (
  `id` int(10) UNSIGNED NOT NULL,
  `kelas_id` int(10) UNSIGNED NOT NULL,
  `nilai_id` int(10) UNSIGNED NOT NULL DEFAULT 1,
  `nis` varchar(255) COLLATE utf8mb4_unicode_ci NOT NULL,
  `nama` varchar(255) COLLATE utf8mb4_unicode_ci NOT NULL,
  `created_at` timestamp NOT NULL DEFAULT current_timestamp(),
  `updated_at` timestamp NOT NULL DEFAULT current_timestamp()
) ENGINE=InnoDB DEFAULT CHARSET=utf8mb4 COLLATE=utf8mb4_unicode_ci;

--
-- Dumping data for table `siswas`
--

INSERT INTO `siswas` (`id`, `kelas_id`, `nilai_id`, `nis`, `nama`, `created_at`, `updated_at`) VALUES
(1, 1, 5, '419392974', 'Clara Nasyiah', '2021-05-10 06:01:06', '2021-05-18 05:20:09'),
(2, 1, 1, '820156825', 'Wirda Yuliana Wijayanti S.IP', '2021-05-10 06:01:06', '2021-05-10 06:01:06'),
(3, 1, 1, '979700965', 'Embuh Mursinin Nainggolan S.Pd', '2021-05-10 06:01:06', '2021-05-10 06:01:06'),
(4, 1, 1, '003207728', 'Ophelia Pudjiastuti', '2021-05-10 06:01:06', '2021-05-10 06:01:06'),
(5, 1, 1, '221079598', 'Wasis Sirait', '2021-05-10 06:01:06', '2021-05-10 06:01:06'),
(6, 1, 1, '103672638', 'Gabriella Pudjiastuti', '2021-05-10 06:01:06', '2021-05-10 06:01:06'),
(7, 1, 1, '194528007', 'Bakijan Samosir', '2021-05-10 06:01:06', '2021-05-10 06:01:06'),
(8, 2, 1, '072757135', 'Ana Nasyiah S.Farm', '2021-05-10 06:01:06', '2021-05-10 06:01:06'),
(9, 2, 1, '498830624', 'Nugraha Wibowo', '2021-05-10 06:01:06', '2021-05-10 06:01:06'),
(10, 2, 1, '701398541', 'Karsa Banawa Nugroho M.Kom.', '2021-05-10 06:01:06', '2021-05-10 06:01:06'),
(11, 2, 1, '452069955', 'Ade Sirait', '2021-05-10 06:01:06', '2021-05-10 06:01:06'),
(12, 2, 1, '886994482', 'Galur Saefullah', '2021-05-10 06:01:06', '2021-05-10 06:01:06'),
(13, 2, 1, '767131297', 'Mila Rahimah', '2021-05-10 06:01:06', '2021-05-10 06:01:06'),
(14, 2, 1, '490405694', 'Jaiman Gamani Lazuardi', '2021-05-10 06:01:06', '2021-05-10 06:01:06'),
(15, 3, 1, '265872104', 'Mulyanto Hartaka Prasetyo', '2021-05-10 06:01:06', '2021-05-10 06:01:06'),
(16, 3, 1, '697470428', 'Lalita Widiastuti', '2021-05-10 06:01:06', '2021-05-10 06:01:06'),
(17, 3, 1, '748927577', 'Zulaikha Anita Rahimah', '2021-05-10 06:01:06', '2021-05-10 06:01:06'),
(18, 3, 1, '782610942', 'Jarwadi Mustofa M.Ak', '2021-05-10 06:01:06', '2021-05-10 06:01:06'),
(19, 3, 1, '910543178', 'Kani Elisa Yolanda', '2021-05-10 06:01:06', '2021-05-10 06:01:06'),
(20, 3, 1, '473790619', 'Jail Suwarno', '2021-05-10 06:01:06', '2021-05-10 06:01:06'),
(21, 3, 1, '051935488', 'Taswir Ikhsan Halim', '2021-05-10 06:01:06', '2021-05-10 06:01:06'),
(22, 4, 1, '006449257', 'Hardana Setiawan', '2021-05-10 06:01:07', '2021-05-10 06:01:07'),
(23, 4, 1, '667149894', 'Rama Tampubolon', '2021-05-10 06:01:07', '2021-05-10 06:01:07'),
(24, 4, 1, '468999958', 'Kania Pertiwi', '2021-05-10 06:01:07', '2021-05-10 06:01:07'),
(25, 4, 1, '092949260', 'Jefri Raihan Zulkarnain', '2021-05-10 06:01:07', '2021-05-10 06:01:07'),
(26, 4, 1, '660117804', 'Eka Tedi Wacana', '2021-05-10 06:01:07', '2021-05-10 06:01:07'),
(27, 4, 1, '588621202', 'Wadi Thamrin S.E.I', '2021-05-10 06:01:07', '2021-05-10 06:01:07'),
(28, 4, 1, '886694689', 'Ilsa Usamah', '2021-05-10 06:01:07', '2021-05-10 06:01:07'),
(29, 5, 1, '289228900', 'Lamar Maulana', '2021-05-10 06:01:07', '2021-05-10 06:01:07'),
(30, 5, 1, '407079202', 'Dimas Nugroho', '2021-05-10 06:01:07', '2021-05-10 06:01:07'),
(31, 5, 1, '570056832', 'Victoria Mayasari', '2021-05-10 06:01:07', '2021-05-10 06:01:07'),
(32, 5, 1, '003214529', 'Pardi Rama Gunawan', '2021-05-10 06:01:07', '2021-05-10 06:01:07'),
(33, 5, 1, '092110799', 'Hasim Joko Hutagalung S.Sos', '2021-05-10 06:01:07', '2021-05-10 06:01:07'),
(34, 5, 1, '605144396', 'Elisa Sudiati S.Gz', '2021-05-10 06:01:07', '2021-05-10 06:01:07'),
(35, 5, 1, '369765545', 'Zalindra Halimah M.M.', '2021-05-10 06:01:07', '2021-05-10 06:01:07'),
(36, 6, 1, '777428579', 'Tiara Yuniar', '2021-05-10 06:01:07', '2021-05-10 06:01:07'),
(37, 6, 1, '829855908', 'Calista Pia Usamah', '2021-05-10 06:01:07', '2021-05-10 06:01:07'),
(38, 6, 1, '310276599', 'Bagas Gandi Dongoran S.E.I', '2021-05-10 06:01:07', '2021-05-10 06:01:07'),
(39, 6, 1, '748764973', 'Mutia Natalia Widiastuti', '2021-05-10 06:01:07', '2021-05-10 06:01:07'),
(40, 6, 1, '304684044', 'Margana Saputra', '2021-05-10 06:01:07', '2021-05-10 06:01:07'),
(41, 6, 1, '624641170', 'Betania Mandasari', '2021-05-10 06:01:07', '2021-05-10 06:01:07'),
(42, 6, 1, '471491253', 'Cahyo Irawan', '2021-05-10 06:01:07', '2021-05-10 06:01:07'),
(43, 7, 1, '255925086', 'Baktiadi Simanjuntak', '2021-05-10 06:01:07', '2021-05-10 06:01:07'),
(44, 7, 1, '532247566', 'Kasiyah Winda Hasanah S.H.', '2021-05-10 06:01:07', '2021-05-10 06:01:07'),
(45, 7, 1, '683026137', 'Lega Saragih', '2021-05-10 06:01:07', '2021-05-10 06:01:07'),
(46, 7, 1, '363867663', 'Rangga Manullang', '2021-05-10 06:01:07', '2021-05-10 06:01:07'),
(47, 7, 1, '234256978', 'Eman Prakosa Wibowo', '2021-05-10 06:01:07', '2021-05-10 06:01:07'),
(48, 7, 1, '805381811', 'Anita Maria Hariyah', '2021-05-10 06:01:07', '2021-05-10 06:01:07'),
(49, 7, 1, '398662902', 'Umar Daryani Setiawan', '2021-05-10 06:01:07', '2021-05-10 06:01:07'),
(50, 8, 1, '500638824', 'Unjani Lestari', '2021-05-10 06:01:07', '2021-05-10 06:01:07'),
(51, 8, 1, '521683313', 'Dina Mayasari M.Kom.', '2021-05-10 06:01:07', '2021-05-10 06:01:07'),
(52, 8, 1, '342802881', 'Mursinin Sirait S.Pd', '2021-05-10 06:01:07', '2021-05-10 06:01:07'),
(53, 8, 1, '903505304', 'Eli Rachel Yolanda M.Ak', '2021-05-10 06:01:07', '2021-05-10 06:01:07'),
(54, 8, 1, '415907838', 'Laila Novitasari S.Psi', '2021-05-10 06:01:07', '2021-05-10 06:01:07'),
(55, 8, 1, '704002314', 'Kalim Perkasa Putra', '2021-05-10 06:01:07', '2021-05-10 06:01:07'),
(56, 8, 1, '300938637', 'Argono Saefullah', '2021-05-10 06:01:07', '2021-05-10 06:01:07'),
(57, 9, 1, '415154314', 'Oskar Pardi Ramadan', '2021-05-10 06:01:07', '2021-05-10 06:01:07'),
(58, 9, 1, '517121613', 'Queen Aisyah Mulyani', '2021-05-10 06:01:07', '2021-05-10 06:01:07'),
(59, 9, 1, '653475588', 'Safina Utami', '2021-05-10 06:01:07', '2021-05-10 06:01:07'),
(60, 9, 1, '976954203', 'Kasim Mahendra', '2021-05-10 06:01:07', '2021-05-10 06:01:07'),
(61, 9, 1, '889362433', 'Muni Salahudin S.IP', '2021-05-10 06:01:07', '2021-05-10 06:01:07'),
(62, 9, 1, '642287126', 'Hana Mutia Yulianti S.Psi', '2021-05-10 06:01:07', '2021-05-10 06:01:07'),
(63, 9, 1, '279636227', 'Saadat Kusumo M.M.', '2021-05-10 06:01:07', '2021-05-10 06:01:07'),
(64, 10, 1, '555149521', 'Bagya Suwarno', '2021-05-10 06:01:07', '2021-05-10 06:01:07'),
(65, 10, 1, '221559463', 'Gandi Bagya Saefullah S.Pt', '2021-05-10 06:01:07', '2021-05-10 06:01:07'),
(66, 10, 1, '456508968', 'Almira Cici Susanti', '2021-05-10 06:01:07', '2021-05-10 06:01:07'),
(67, 10, 1, '681697807', 'Kiandra Gilda Maryati', '2021-05-10 06:01:07', '2021-05-10 06:01:07'),
(68, 10, 1, '507593812', 'Nova Febi Novitasari', '2021-05-10 06:01:07', '2021-05-10 06:01:07'),
(69, 10, 1, '554408924', 'Candra Suryono S.Sos', '2021-05-10 06:01:07', '2021-05-10 06:01:07'),
(70, 10, 1, '867194414', 'Jelita Pudjiastuti', '2021-05-10 06:01:07', '2021-05-10 06:01:07'),
(71, 11, 1, '738060022', 'Karen Mala Suryatmi', '2021-05-10 06:01:07', '2021-05-10 06:01:07'),
(72, 11, 1, '753953912', 'Wasis Balidin Hutasoit', '2021-05-10 06:01:07', '2021-05-10 06:01:07'),
(73, 11, 1, '677245094', 'Luwar Mandala', '2021-05-10 06:01:07', '2021-05-10 06:01:07'),
(74, 11, 1, '541422486', 'Chelsea Astuti', '2021-05-10 06:01:07', '2021-05-10 06:01:07'),
(75, 11, 1, '047910142', 'Rini Safitri', '2021-05-10 06:01:07', '2021-05-10 06:01:07'),
(76, 11, 1, '223880781', 'Zelda Fujiati', '2021-05-10 06:01:07', '2021-05-10 06:01:07'),
(77, 11, 1, '696032751', 'Eman Waskita', '2021-05-10 06:01:07', '2021-05-10 06:01:07'),
(78, 12, 1, '489031769', 'Zulfa Mala Halimah', '2021-05-10 06:01:07', '2021-05-10 06:01:07'),
(79, 12, 1, '618344048', 'Taswir Yono Uwais M.M.', '2021-05-10 06:01:07', '2021-05-10 06:01:07'),
(80, 12, 1, '900268545', 'Hamima Mandasari', '2021-05-10 06:01:07', '2021-05-10 06:01:07'),
(81, 12, 1, '607633056', 'Warsa Simanjuntak', '2021-05-10 06:01:07', '2021-05-10 06:01:07'),
(82, 12, 1, '887837313', 'Gandewa Marbun', '2021-05-10 06:01:07', '2021-05-10 06:01:07'),
(83, 12, 1, '094044364', 'Kania Puspa Mandasari', '2021-05-10 06:01:07', '2021-05-10 06:01:07'),
(84, 12, 1, '229312589', 'Manah Dariati Putra S.Ked', '2021-05-10 06:01:07', '2021-05-10 06:01:07'),
(85, 13, 1, '200787600', 'Cakrajiya Budiman', '2021-05-10 06:01:07', '2021-05-10 06:01:07'),
(86, 13, 1, '055338983', 'Yulia Usada', '2021-05-10 06:01:07', '2021-05-10 06:01:07'),
(87, 13, 1, '621052580', 'Karta Wibowo', '2021-05-10 06:01:07', '2021-05-10 06:01:07'),
(88, 13, 1, '789505586', 'Lidya Tina Laksita M.Pd', '2021-05-10 06:01:07', '2021-05-10 06:01:07'),
(89, 13, 1, '007140264', 'Padma Utami', '2021-05-10 06:01:07', '2021-05-10 06:01:07'),
(90, 13, 1, '410098237', 'Naradi Rajata M.Pd', '2021-05-10 06:01:07', '2021-05-10 06:01:07'),
(91, 13, 1, '674264483', 'Fitriani Uli Utami M.TI.', '2021-05-10 06:01:07', '2021-05-10 06:01:07'),
(92, 14, 1, '780342890', 'Tari Haryanti', '2021-05-10 06:01:07', '2021-05-10 06:01:07'),
(93, 14, 1, '703007002', 'Ani Yessi Riyanti', '2021-05-10 06:01:07', '2021-05-10 06:01:07'),
(94, 14, 1, '171644212', 'Harja Halim Pradipta', '2021-05-10 06:01:07', '2021-05-10 06:01:07'),
(95, 14, 1, '767055032', 'Laila Laksita', '2021-05-10 06:01:07', '2021-05-10 06:01:07'),
(96, 14, 1, '246680681', 'Pranata Pranowo', '2021-05-10 06:01:07', '2021-05-10 06:01:07'),
(97, 14, 1, '299276096', 'Paulin Vera Nuraini S.T.', '2021-05-10 06:01:07', '2021-05-10 06:01:07'),
(98, 14, 1, '144402956', 'Devi Pratiwi', '2021-05-10 06:01:07', '2021-05-10 06:01:07'),
(99, 15, 1, '825428933', 'Bagiya Daliono Mangunsong', '2021-05-10 06:01:07', '2021-05-10 06:01:07'),
(100, 15, 1, '109321863', 'Kamidin Ardianto', '2021-05-10 06:01:07', '2021-05-10 06:01:07'),
(101, 15, 1, '395069081', 'Mahfud Ramadan M.Ak', '2021-05-10 06:01:07', '2021-05-10 06:01:07'),
(102, 15, 1, '206630061', 'Martani Pradipta M.Ak', '2021-05-10 06:01:07', '2021-05-10 06:01:07'),
(103, 15, 1, '498671185', 'Halima Lidya Fujiati M.M.', '2021-05-10 06:01:07', '2021-05-10 06:01:07'),
(104, 15, 1, '209959493', 'Diah Puspita', '2021-05-10 06:01:07', '2021-05-10 06:01:07'),
(105, 15, 1, '026570193', 'Fitria Hassanah S.E.I', '2021-05-10 06:01:07', '2021-05-10 06:01:07'),
(106, 16, 1, '397886252', 'Empluk Saputra', '2021-05-10 06:01:07', '2021-05-10 06:01:07'),
(107, 16, 1, '554799840', 'Ophelia Andriani S.Gz', '2021-05-10 06:01:07', '2021-05-10 06:01:07'),
(108, 16, 1, '696433284', 'Dagel Wakiman Utama M.Ak', '2021-05-10 06:01:07', '2021-05-10 06:01:07'),
(109, 16, 1, '169958622', 'Patricia Uyainah', '2021-05-10 06:01:07', '2021-05-10 06:01:07'),
(110, 16, 1, '598829388', 'Ridwan Kala Tarihoran M.TI.', '2021-05-10 06:01:07', '2021-05-10 06:01:07'),
(111, 16, 1, '517519700', 'Baktiadi Pangeran Pangestu S.Kom', '2021-05-10 06:01:07', '2021-05-10 06:01:07'),
(112, 16, 1, '338875718', 'Siska Puti Zulaika M.Kom.', '2021-05-10 06:01:07', '2021-05-10 06:01:07'),
(113, 17, 1, '814104661', 'Martana Damu Rajata', '2021-05-10 06:01:07', '2021-05-10 06:01:07'),
(114, 17, 1, '233284328', 'Cawisadi Ganep Pratama', '2021-05-10 06:01:07', '2021-05-10 06:01:07'),
(115, 17, 1, '341201159', 'Yusuf Galak Iswahyudi M.Pd', '2021-05-10 06:01:07', '2021-05-10 06:01:07'),
(116, 17, 1, '980669006', 'Banara Yusuf Anggriawan S.Pt', '2021-05-10 06:01:07', '2021-05-10 06:01:07'),
(117, 17, 1, '199499420', 'Saka Makara Hidayat S.E.', '2021-05-10 06:01:07', '2021-05-10 06:01:07'),
(118, 17, 1, '005779811', 'Gawati Halimah S.Sos', '2021-05-10 06:01:07', '2021-05-10 06:01:07'),
(119, 17, 1, '632373097', 'Shakila Mardhiyah', '2021-05-10 06:01:07', '2021-05-10 06:01:07'),
(120, 18, 1, '259109548', 'Tedi Hutapea M.TI.', '2021-05-10 06:01:07', '2021-05-10 06:01:07'),
(121, 18, 1, '387499162', 'Zizi Najwa Hastuti', '2021-05-10 06:01:07', '2021-05-10 06:01:07'),
(122, 18, 1, '579775712', 'Rudi Wibowo', '2021-05-10 06:01:07', '2021-05-10 06:01:07'),
(123, 18, 1, '509617458', 'Karimah Nasyidah', '2021-05-10 06:01:07', '2021-05-10 06:01:07'),
(124, 18, 1, '323800567', 'Dimaz Suwarno S.I.Kom', '2021-05-10 06:01:07', '2021-05-10 06:01:07'),
(125, 18, 1, '639876100', 'Murti Jaiman Prasetyo S.Pd', '2021-05-10 06:01:07', '2021-05-10 06:01:07'),
(126, 18, 1, '842517826', 'Balijan Damanik', '2021-05-10 06:01:07', '2021-05-10 06:01:07'),
(127, 19, 1, '053641431', 'Rachel Febi Astuti', '2021-05-10 06:01:07', '2021-05-10 06:01:07'),
(128, 19, 1, '976493667', 'Ami Aryani', '2021-05-10 06:01:07', '2021-05-10 06:01:07'),
(129, 19, 1, '240419519', 'Asirwada Salman Hidayanto S.T.', '2021-05-10 06:01:07', '2021-05-10 06:01:07'),
(130, 19, 1, '859515406', 'Eva Kiandra Nurdiyanti M.TI.', '2021-05-10 06:01:07', '2021-05-10 06:01:07'),
(131, 19, 1, '370091425', 'Kala Karman Narpati S.Ked', '2021-05-10 06:01:07', '2021-05-10 06:01:07'),
(132, 19, 1, '246213377', 'Vanesa Samiah Suartini', '2021-05-10 06:01:07', '2021-05-10 06:01:07'),
(133, 19, 1, '048594116', 'Widya Suryatmi', '2021-05-10 06:01:07', '2021-05-10 06:01:07'),
(134, 20, 1, '162097473', 'Nilam Aryani', '2021-05-10 06:01:07', '2021-05-10 06:01:07'),
(135, 20, 1, '842821655', 'Karsana Gambira Dongoran', '2021-05-10 06:01:07', '2021-05-10 06:01:07'),
(136, 20, 1, '869931616', 'Ega Januar', '2021-05-10 06:01:07', '2021-05-10 06:01:07'),
(137, 20, 1, '681579648', 'Dinda Zahra Hassanah', '2021-05-10 06:01:07', '2021-05-10 06:01:07'),
(138, 20, 1, '309746617', 'Kenzie Mahendra', '2021-05-10 06:01:07', '2021-05-10 06:01:07'),
(139, 20, 1, '045808602', 'Keisha Aurora Melani M.M.', '2021-05-10 06:01:07', '2021-05-10 06:01:07'),
(140, 20, 1, '868437522', 'Humaira Mandasari', '2021-05-10 06:01:07', '2021-05-10 06:01:07'),
(141, 21, 1, '787416243', 'Lukman Panca Nugroho', '2021-05-10 06:01:07', '2021-05-10 06:01:07'),
(142, 21, 1, '227157062', 'Keisha Suryatmi', '2021-05-10 06:01:07', '2021-05-10 06:01:07'),
(143, 21, 1, '360455270', 'Harjo Pranowo', '2021-05-10 06:01:07', '2021-05-10 06:01:07'),
(144, 21, 1, '470696993', 'Tantri Wahyuni', '2021-05-10 06:01:07', '2021-05-10 06:01:07'),
(145, 21, 1, '601902117', 'Zaenab Nurdiyanti', '2021-05-10 06:01:07', '2021-05-10 06:01:07'),
(146, 21, 1, '828175633', 'Cahyadi Hardiansyah', '2021-05-10 06:01:07', '2021-05-10 06:01:07'),
(147, 21, 1, '188681274', 'Karja Latupono', '2021-05-10 06:01:07', '2021-05-10 06:01:07'),
(148, 22, 1, '272247425', 'Nadia Palastri', '2021-05-10 06:01:07', '2021-05-10 06:01:07'),
(149, 22, 1, '570121561', 'Keisha Sudiati', '2021-05-10 06:01:07', '2021-05-10 06:01:07'),
(150, 22, 1, '936844843', 'Maya Aryani', '2021-05-10 06:01:07', '2021-05-10 06:01:07'),
(151, 22, 1, '005145371', 'Vivi Andriani', '2021-05-10 06:01:07', '2021-05-10 06:01:07'),
(152, 22, 1, '611504178', 'Gantar Dongoran M.Farm', '2021-05-10 06:01:07', '2021-05-10 06:01:07'),
(153, 22, 1, '830498540', 'Timbul Siregar', '2021-05-10 06:01:07', '2021-05-10 06:01:07'),
(154, 22, 1, '137092612', 'Baktianto Prayoga', '2021-05-10 06:01:07', '2021-05-10 06:01:07'),
(155, 23, 1, '240243497', 'Viman Gunarto', '2021-05-10 06:01:07', '2021-05-10 06:01:07'),
(156, 23, 1, '857597372', 'Ciaobella Hasanah M.Pd', '2021-05-10 06:01:07', '2021-05-10 06:01:07'),
(157, 23, 1, '672663253', 'Ellis Wastuti', '2021-05-10 06:01:07', '2021-05-10 06:01:07'),
(158, 23, 1, '730912315', 'Setya Latupono', '2021-05-10 06:01:07', '2021-05-10 06:01:07'),
(159, 23, 1, '924892510', 'Titi Septi Safitri', '2021-05-10 06:01:07', '2021-05-10 06:01:07'),
(160, 23, 1, '498355831', 'Kartika Mayasari', '2021-05-10 06:01:07', '2021-05-10 06:01:07'),
(161, 23, 1, '752311157', 'Laswi Jagaraga Natsir', '2021-05-10 06:01:07', '2021-05-10 06:01:07'),
(162, 24, 1, '948477801', 'Victoria Aryani', '2021-05-10 06:01:07', '2021-05-10 06:01:07'),
(163, 24, 1, '013864365', 'Himawan Pranowo', '2021-05-10 06:01:07', '2021-05-10 06:01:07'),
(164, 24, 1, '837386986', 'Patricia Laksmiwati', '2021-05-10 06:01:07', '2021-05-10 06:01:07'),
(165, 24, 1, '018848395', 'Julia Gawati Puspita M.M.', '2021-05-10 06:01:07', '2021-05-10 06:01:07'),
(166, 24, 1, '088962812', 'Jais Hasta Simanjuntak', '2021-05-10 06:01:07', '2021-05-10 06:01:07'),
(167, 24, 1, '307780970', 'Jaga Hardi Halim M.Ak', '2021-05-10 06:01:07', '2021-05-10 06:01:07'),
(168, 24, 1, '420021845', 'Prasetya Anggriawan', '2021-05-10 06:01:07', '2021-05-10 06:01:07'),
(169, 25, 1, '158590906', 'Kayla Elma Zulaika M.TI.', '2021-05-10 06:01:07', '2021-05-10 06:01:07'),
(170, 25, 1, '219303898', 'Mala Rahayu S.Kom', '2021-05-10 06:01:07', '2021-05-10 06:01:07'),
(171, 25, 1, '003562768', 'Prabu Dabukke', '2021-05-10 06:01:07', '2021-05-10 06:01:07'),
(172, 25, 1, '564001775', 'Balijan Saptono', '2021-05-10 06:01:07', '2021-05-10 06:01:07'),
(173, 25, 1, '356560524', 'Nurul Halimah', '2021-05-10 06:01:07', '2021-05-10 06:01:07'),
(174, 25, 1, '562585434', 'Amelia Laksita', '2021-05-10 06:01:07', '2021-05-10 06:01:07'),
(175, 25, 1, '480434381', 'Edison Teguh Utama', '2021-05-10 06:01:07', '2021-05-10 06:01:07'),
(176, 26, 1, '082826478', 'Lalita Anggraini M.TI.', '2021-05-10 06:01:07', '2021-05-10 06:01:07'),
(177, 26, 1, '459553948', 'Galak Pradipta', '2021-05-10 06:01:07', '2021-05-10 06:01:07'),
(178, 26, 1, '118059536', 'Keisha Queen Rahimah S.T.', '2021-05-10 06:01:07', '2021-05-10 06:01:07'),
(179, 26, 1, '145752119', 'Liman Cemeti Gunarto S.Ked', '2021-05-10 06:01:07', '2021-05-10 06:01:07'),
(180, 26, 1, '979488993', 'Suci Vivi Utami S.Ked', '2021-05-10 06:01:07', '2021-05-10 06:01:07'),
(181, 26, 1, '762857443', 'Elon Maulana', '2021-05-10 06:01:07', '2021-05-10 06:01:07'),
(182, 26, 1, '320936319', 'Yulia Oktaviani', '2021-05-10 06:01:07', '2021-05-10 06:01:07'),
(183, 27, 1, '383524446', 'Dalima Susanti M.Farm', '2021-05-10 06:01:07', '2021-05-10 06:01:07'),
(184, 27, 1, '159028034', 'Sabrina Hafshah Wastuti S.I.Kom', '2021-05-10 06:01:07', '2021-05-10 06:01:07'),
(185, 27, 1, '611977633', 'Paiman Wacana S.H.', '2021-05-10 06:01:07', '2021-05-10 06:01:07'),
(186, 27, 1, '775592263', 'Yulia Widya Puspasari', '2021-05-10 06:01:07', '2021-05-10 06:01:07'),
(187, 27, 1, '964625418', 'Gasti Oktaviani S.Gz', '2021-05-10 06:01:07', '2021-05-10 06:01:07'),
(188, 27, 1, '595279633', 'Prasetyo Hakim', '2021-05-10 06:01:07', '2021-05-10 06:01:07'),
(189, 27, 1, '162341093', 'Safina Kania Mandasari M.Ak', '2021-05-10 06:01:07', '2021-05-10 06:01:07'),
(190, 28, 1, '056255130', 'Hairyanto Kambali Thamrin S.I.Kom', '2021-05-10 06:01:07', '2021-05-10 06:01:07'),
(191, 28, 1, '577584253', 'Raden Jail Mandala M.Kom.', '2021-05-10 06:01:07', '2021-05-10 06:01:07'),
(192, 28, 1, '615108629', 'Carla Maya Hartati S.Psi', '2021-05-10 06:01:07', '2021-05-10 06:01:07'),
(193, 28, 1, '628750405', 'Zulfa Utami', '2021-05-10 06:01:07', '2021-05-10 06:01:07'),
(194, 28, 1, '663160668', 'Nasrullah Hardiansyah', '2021-05-10 06:01:07', '2021-05-10 06:01:07'),
(195, 28, 1, '953303097', 'Ade Simbolon', '2021-05-10 06:01:07', '2021-05-10 06:01:07'),
(196, 28, 1, '478522874', 'Diah Elvina Wijayanti', '2021-05-10 06:01:07', '2021-05-10 06:01:07'),
(197, 29, 1, '444033152', 'Anastasia Widiastuti M.Farm', '2021-05-10 06:01:07', '2021-05-10 06:01:07'),
(198, 29, 1, '658078263', 'Rizki Timbul Januar M.Pd', '2021-05-10 06:01:07', '2021-05-10 06:01:07'),
(199, 29, 1, '917211939', 'Cakrabirawa Gunawan', '2021-05-10 06:01:07', '2021-05-10 06:01:07'),
(200, 29, 1, '311385375', 'Laras Rini Mardhiyah', '2021-05-10 06:01:07', '2021-05-10 06:01:07'),
(201, 29, 1, '037109273', 'Melinda Palastri M.Pd', '2021-05-10 06:01:07', '2021-05-10 06:01:07'),
(202, 29, 1, '386353404', 'Opung Muhammad Adriansyah M.TI.', '2021-05-10 06:01:07', '2021-05-10 06:01:07'),
(203, 29, 1, '140969809', 'Jayadi Adriansyah', '2021-05-10 06:01:07', '2021-05-10 06:01:07'),
(204, 30, 1, '423519488', 'Syahrini Ratna Palastri', '2021-05-10 06:01:07', '2021-05-10 06:01:07'),
(205, 30, 1, '781057534', 'Maida Suci Haryanti S.Pd', '2021-05-10 06:01:07', '2021-05-10 06:01:07'),
(206, 30, 1, '387716811', 'Putri Suryatmi M.TI.', '2021-05-10 06:01:07', '2021-05-10 06:01:07'),
(207, 30, 1, '126022502', 'Mustika Budiyanto', '2021-05-10 06:01:07', '2021-05-10 06:01:07'),
(208, 30, 1, '260039905', 'Amelia Kuswandari', '2021-05-10 06:01:07', '2021-05-10 06:01:07'),
(209, 30, 1, '499342765', 'Nalar Arsipatra Simbolon M.Kom.', '2021-05-10 06:01:07', '2021-05-10 06:01:07'),
(210, 30, 1, '225468837', 'Tiara Kania Halimah S.Farm', '2021-05-10 06:01:07', '2021-05-10 06:01:07'),
(211, 31, 1, '244324926', 'Galiono Kurniawan', '2021-05-10 06:01:07', '2021-05-10 06:01:07'),
(212, 31, 1, '970334586', 'Kala Simanjuntak', '2021-05-10 06:01:07', '2021-05-10 06:01:07'),
(213, 31, 1, '834463607', 'Sari Nasyiah S.H.', '2021-05-10 06:01:07', '2021-05-10 06:01:07'),
(214, 31, 1, '635247910', 'Nova Pratiwi', '2021-05-10 06:01:07', '2021-05-10 06:01:07'),
(215, 31, 1, '075830887', 'Kamaria Mandasari S.E.I', '2021-05-10 06:01:07', '2021-05-10 06:01:07'),
(216, 31, 1, '194351214', 'Nabila Mandasari', '2021-05-10 06:01:07', '2021-05-10 06:01:07'),
(217, 31, 1, '059829297', 'Fitriani Sabrina Hassanah M.Kom.', '2021-05-10 06:01:07', '2021-05-10 06:01:07'),
(218, 32, 1, '771210231', 'Septi Rahmawati', '2021-05-10 06:01:07', '2021-05-10 06:01:07'),
(219, 32, 1, '900437481', 'Jabal Hutagalung', '2021-05-10 06:01:07', '2021-05-10 06:01:07'),
(220, 32, 1, '724968111', 'Sadina Dian Pertiwi', '2021-05-10 06:01:07', '2021-05-10 06:01:07'),
(221, 32, 1, '644850644', 'Raden Kenari Wasita', '2021-05-10 06:01:07', '2021-05-10 06:01:07'),
(222, 32, 1, '270342408', 'Ikhsan Prayoga', '2021-05-10 06:01:07', '2021-05-10 06:01:07'),
(223, 32, 1, '506349669', 'Gangsar Wacana', '2021-05-10 06:01:07', '2021-05-10 06:01:07'),
(224, 32, 1, '240456300', 'Novi Kasiyah Namaga', '2021-05-10 06:01:07', '2021-05-10 06:01:07'),
(225, 33, 1, '742530525', 'Putri Alika Rahmawati M.Pd', '2021-05-10 06:01:07', '2021-05-10 06:01:07'),
(226, 33, 1, '972386400', 'Olivia Hilda Namaga', '2021-05-10 06:01:07', '2021-05-10 06:01:07'),
(227, 33, 1, '382499733', 'Padmi Anggraini S.Pd', '2021-05-10 06:01:07', '2021-05-10 06:01:07'),
(228, 33, 1, '166302865', 'Nadine Widiastuti', '2021-05-10 06:01:07', '2021-05-10 06:01:07'),
(229, 33, 1, '402788097', 'Tantri Amelia Mayasari S.E.I', '2021-05-10 06:01:07', '2021-05-10 06:01:07'),
(230, 33, 1, '388311976', 'Winda Anggraini', '2021-05-10 06:01:07', '2021-05-10 06:01:07'),
(231, 33, 1, '960121865', 'Nardi Gaduh Budiman S.Pd', '2021-05-10 06:01:07', '2021-05-10 06:01:07'),
(232, 34, 1, '655713382', 'Tari Mulyani', '2021-05-10 06:01:07', '2021-05-10 06:01:07'),
(233, 34, 1, '249553905', 'Irma Namaga S.I.Kom', '2021-05-10 06:01:07', '2021-05-10 06:01:07'),
(234, 34, 1, '498178299', 'Suci Nasyidah', '2021-05-10 06:01:07', '2021-05-10 06:01:07'),
(235, 34, 1, '247209497', 'Hamima Palastri', '2021-05-10 06:01:07', '2021-05-10 06:01:07'),
(236, 34, 1, '099836815', 'Paiman Napitupulu', '2021-05-10 06:01:07', '2021-05-10 06:01:07'),
(237, 34, 1, '035610966', 'Zelaya Kamila Nurdiyanti S.Sos', '2021-05-10 06:01:07', '2021-05-10 06:01:07'),
(238, 34, 1, '669933756', 'Vanesa Farida', '2021-05-10 06:01:07', '2021-05-10 06:01:07'),
(239, 35, 1, '612465341', 'Catur Hutapea', '2021-05-10 06:01:07', '2021-05-10 06:01:07'),
(240, 35, 1, '704836184', 'Rahayu Handayani', '2021-05-10 06:01:07', '2021-05-10 06:01:07'),
(241, 35, 1, '671514139', 'Ilsa Pertiwi', '2021-05-10 06:01:07', '2021-05-10 06:01:07'),
(242, 35, 1, '589710858', 'Purwa Aditya Natsir', '2021-05-10 06:01:07', '2021-05-10 06:01:07'),
(243, 35, 1, '650353433', 'Hamima Yuniar', '2021-05-10 06:01:07', '2021-05-10 06:01:07'),
(244, 35, 1, '594552800', 'Yosef Hakim', '2021-05-10 06:01:07', '2021-05-10 06:01:07'),
(245, 35, 1, '853503645', 'Gamblang Asman Saragih S.I.Kom', '2021-05-10 06:01:07', '2021-05-10 06:01:07'),
(246, 36, 1, '488002599', 'Faizah Namaga', '2021-05-10 06:01:07', '2021-05-10 06:01:07'),
(247, 36, 1, '983267523', 'Embuh Nababan', '2021-05-10 06:01:07', '2021-05-10 06:01:07'),
(248, 36, 1, '960847484', 'Ophelia Violet Zulaika S.H.', '2021-05-10 06:01:07', '2021-05-10 06:01:07'),
(249, 36, 1, '409227969', 'Pangeran Jaswadi Wijaya S.Pt', '2021-05-10 06:01:07', '2021-05-10 06:01:07'),
(250, 36, 1, '444515755', 'Sari Oktaviani', '2021-05-10 06:01:07', '2021-05-10 06:01:07'),
(251, 36, 1, '861746139', 'Uchita Usada', '2021-05-10 06:01:07', '2021-05-10 06:01:07'),
(252, 36, 1, '004806019', 'Titi Nasyiah', '2021-05-10 06:01:07', '2021-05-10 06:01:07'),
(253, 37, 1, '720526844', 'Luwar Daliono Mahendra M.Kom.', '2021-05-10 06:01:07', '2021-05-10 06:01:07'),
(254, 37, 1, '126008480', 'Febi Yuliana Andriani', '2021-05-10 06:01:07', '2021-05-10 06:01:07'),
(255, 37, 1, '948084136', 'Lintang Vanesa Kuswandari S.Farm', '2021-05-10 06:01:07', '2021-05-10 06:01:07'),
(256, 37, 1, '231187556', 'Mariadi Luwes Januar', '2021-05-10 06:01:07', '2021-05-10 06:01:07'),
(257, 37, 1, '629545298', 'Bakianto Maras Haryanto', '2021-05-10 06:01:07', '2021-05-10 06:01:07'),
(258, 37, 1, '749046503', 'Ulva Mutia Permata M.Ak', '2021-05-10 06:01:07', '2021-05-10 06:01:07'),
(259, 37, 1, '273890104', 'Galar Siregar', '2021-05-10 06:01:07', '2021-05-10 06:01:07'),
(260, 38, 1, '701842530', 'Irsad Sakti Maulana', '2021-05-10 06:01:07', '2021-05-10 06:01:07'),
(261, 38, 1, '785916581', 'Kacung Irawan', '2021-05-10 06:01:07', '2021-05-10 06:01:07'),
(262, 38, 1, '069550208', 'Hani Tiara Anggraini', '2021-05-10 06:01:07', '2021-05-10 06:01:07'),
(263, 38, 1, '401105078', 'Juli Wahyuni S.H.', '2021-05-10 06:01:07', '2021-05-10 06:01:07'),
(264, 38, 1, '783936978', 'Ulya Namaga', '2021-05-10 06:01:07', '2021-05-10 06:01:07'),
(265, 38, 1, '717981436', 'Aslijan Irawan', '2021-05-10 06:01:07', '2021-05-10 06:01:07'),
(266, 38, 1, '860605926', 'Ika Hesti Widiastuti', '2021-05-10 06:01:07', '2021-05-10 06:01:07'),
(267, 39, 1, '843126266', 'Prasetya Mustofa', '2021-05-10 06:01:07', '2021-05-10 06:01:07'),
(268, 39, 1, '188085777', 'Zelaya Kamaria Suryatmi', '2021-05-10 06:01:07', '2021-05-10 06:01:07'),
(269, 39, 1, '795395025', 'Ozy Firmansyah', '2021-05-10 06:01:07', '2021-05-10 06:01:07'),
(270, 39, 1, '789318491', 'Ajiono Manah Budiyanto S.Pd', '2021-05-10 06:01:07', '2021-05-10 06:01:07'),
(271, 39, 1, '856531284', 'Wirda Puspasari', '2021-05-10 06:01:07', '2021-05-10 06:01:07'),
(272, 39, 1, '625248230', 'Citra Ade Permata S.Sos', '2021-05-10 06:01:07', '2021-05-10 06:01:07'),
(273, 39, 1, '094550398', 'Victoria Hasanah', '2021-05-10 06:01:07', '2021-05-10 06:01:07'),
(274, 40, 1, '104683865', 'Titi Salwa Nasyidah S.Ked', '2021-05-10 06:01:07', '2021-05-10 06:01:07'),
(275, 40, 1, '942468801', 'Simon Hutagalung', '2021-05-10 06:01:07', '2021-05-10 06:01:07'),
(276, 40, 1, '660464644', 'Puti Wulandari M.M.', '2021-05-10 06:01:07', '2021-05-10 06:01:07'),
(277, 40, 1, '128493950', 'Dariati Prabu Mandala S.I.Kom', '2021-05-10 06:01:07', '2021-05-10 06:01:07'),
(278, 40, 1, '372554855', 'Samiah Pertiwi', '2021-05-10 06:01:07', '2021-05-10 06:01:07'),
(279, 40, 1, '516740709', 'Viman Prasasta S.Pd', '2021-05-10 06:01:07', '2021-05-10 06:01:07'),
(280, 40, 1, '860381805', 'Rini Halimah S.I.Kom', '2021-05-10 06:01:07', '2021-05-10 06:01:07'),
(281, 41, 1, '485882534', 'Bakti Bakijan Siregar M.Kom.', '2021-05-10 06:01:07', '2021-05-10 06:01:07'),
(282, 41, 1, '548830890', 'Warsa Wahyudin M.Ak', '2021-05-10 06:01:07', '2021-05-10 06:01:07'),
(283, 41, 1, '057553469', 'Tami Ilsa Wulandari M.M.', '2021-05-10 06:01:07', '2021-05-10 06:01:07'),
(284, 41, 1, '040888331', 'Raisa Indah Utami', '2021-05-10 06:01:07', '2021-05-10 06:01:07'),
(285, 41, 1, '197348914', 'Vanesa Aryani', '2021-05-10 06:01:07', '2021-05-10 06:01:07'),
(286, 41, 1, '618840625', 'Raisa Suryatmi', '2021-05-10 06:01:07', '2021-05-10 06:01:07'),
(287, 41, 1, '359412081', 'Emin Tarihoran', '2021-05-10 06:01:07', '2021-05-10 06:01:07'),
(288, 42, 1, '914786344', 'Dono Uda Sitorus S.Pt', '2021-05-10 06:01:07', '2021-05-10 06:01:07'),
(289, 42, 1, '778716758', 'Elvina Handayani', '2021-05-10 06:01:07', '2021-05-10 06:01:07'),
(290, 42, 1, '088267698', 'Purwadi Halim', '2021-05-10 06:01:07', '2021-05-10 06:01:07'),
(291, 42, 1, '051151540', 'Darmanto Samosir', '2021-05-10 06:01:07', '2021-05-10 06:01:07'),
(292, 42, 1, '910092432', 'Nadia Genta Yolanda S.Psi', '2021-05-10 06:01:07', '2021-05-10 06:01:07'),
(293, 42, 1, '960544781', 'Betania Laksita', '2021-05-10 06:01:07', '2021-05-10 06:01:07'),
(294, 42, 1, '992679499', 'Oskar Maulana', '2021-05-10 06:01:07', '2021-05-10 06:01:07'),
(295, 43, 1, '508836806', 'Bakidin Waluyo', '2021-05-10 06:01:07', '2021-05-10 06:01:07'),
(296, 43, 1, '795689527', 'Putri Kayla Fujiati M.Pd', '2021-05-10 06:01:07', '2021-05-10 06:01:07'),
(297, 43, 1, '395693066', 'Among Mustofa', '2021-05-10 06:01:07', '2021-05-10 06:01:07'),
(298, 43, 1, '899672802', 'Rahayu Safitri', '2021-05-10 06:01:07', '2021-05-10 06:01:07'),
(299, 43, 1, '219811665', 'Julia Aryani', '2021-05-10 06:01:07', '2021-05-10 06:01:07'),
(300, 43, 1, '642004266', 'Latika Alika Laksita S.E.', '2021-05-10 06:01:07', '2021-05-10 06:01:07'),
(301, 43, 1, '572446867', 'Gina Hasanah', '2021-05-10 06:01:07', '2021-05-10 06:01:07'),
(302, 44, 1, '943693453', 'Padma Yolanda', '2021-05-10 06:01:07', '2021-05-10 06:01:07'),
(303, 44, 1, '476675752', 'Icha Haryanti', '2021-05-10 06:01:07', '2021-05-10 06:01:07'),
(304, 44, 1, '823426866', 'Cinta Susanti', '2021-05-10 06:01:07', '2021-05-10 06:01:07'),
(305, 44, 1, '042182316', 'Padma Nasyidah', '2021-05-10 06:01:07', '2021-05-10 06:01:07'),
(306, 44, 1, '518942381', 'Satya Prasetya', '2021-05-10 06:01:07', '2021-05-10 06:01:07'),
(307, 44, 1, '966447038', 'Leo Saragih', '2021-05-10 06:01:07', '2021-05-10 06:01:07'),
(308, 44, 1, '594131052', 'Gadang Wasita', '2021-05-10 06:01:07', '2021-05-10 06:01:07'),
(309, 45, 1, '271784278', 'Gatra Asmadi Manullang', '2021-05-10 06:01:07', '2021-05-10 06:01:07'),
(310, 45, 1, '144193384', 'Restu Wulan Permata', '2021-05-10 06:01:07', '2021-05-10 06:01:07'),
(311, 45, 1, '910502678', 'Zelaya Wahyuni S.Gz', '2021-05-10 06:01:07', '2021-05-10 06:01:07'),
(312, 45, 1, '807674747', 'Carla Purwanti', '2021-05-10 06:01:07', '2021-05-10 06:01:07'),
(313, 45, 1, '947714417', 'Intan Purnawati', '2021-05-10 06:01:07', '2021-05-10 06:01:07'),
(314, 45, 1, '289838505', 'Heru Utama S.Pt', '2021-05-10 06:01:07', '2021-05-10 06:01:07'),
(315, 45, 1, '660209841', 'Usyi Haryanti S.Pd', '2021-05-10 06:01:07', '2021-05-10 06:01:07'),
(316, 1, 2, '95864303', 'Alika Agustina', '2021-05-09 23:07:36', '2021-05-09 23:16:54'),
(317, 1, 2, '14540010', 'Kasim Cawisono Nainggolan', '2021-05-09 23:07:36', '2021-05-10 22:20:20'),
(318, 1, 1, '95864333', 'Afani Kurniawan', '2021-05-10 00:57:09', '2021-05-10 00:57:09'),
(319, 1, 1, '14540044', 'Irsyad', '2021-05-10 00:57:09', '2021-05-10 00:57:09'),
(320, 2, 1, '95864444', 'Muhammad Sodiq', '2021-05-11 00:32:03', '2021-05-11 00:32:03'),
(321, 3, 1, '14541111', 'Andrean Okta P.', '2021-05-11 00:32:03', '2021-05-11 00:32:03'),
(323, 6, 1, '12315325', 'Eka Lutfia', '2021-05-11 00:40:15', '2021-05-11 00:40:15'),
(329, 40, 1, '83917263', 'Dyah Ayu', '2021-05-12 01:42:53', '2021-05-12 01:42:53');

-- --------------------------------------------------------

--
-- Table structure for table `status`
--

CREATE TABLE `status` (
  `id` int(10) UNSIGNED NOT NULL,
  `status` varchar(255) COLLATE utf8mb4_unicode_ci NOT NULL,
  `created_at` timestamp NOT NULL DEFAULT current_timestamp(),
  `updated_at` timestamp NOT NULL DEFAULT current_timestamp()
) ENGINE=InnoDB DEFAULT CHARSET=utf8mb4 COLLATE=utf8mb4_unicode_ci;

--
-- Dumping data for table `status`
--

INSERT INTO `status` (`id`, `status`, `created_at`, `updated_at`) VALUES
(1, 'Guru', '2021-05-10 06:01:07', '2021-05-10 06:01:07'),
(2, 'Siswa', '2021-05-10 06:01:07', '2021-05-10 06:01:07');

--
-- Indexes for dumped tables
--

--
-- Indexes for table `kategories`
--
ALTER TABLE `kategories`
  ADD PRIMARY KEY (`id`);

--
-- Indexes for table `kelas`
--
ALTER TABLE `kelas`
  ADD PRIMARY KEY (`id`),
  ADD KEY `kelas_kelas_grup_id_foreign` (`kelas_grup_id`);

--
-- Indexes for table `kelas_grups`
--
ALTER TABLE `kelas_grups`
  ADD PRIMARY KEY (`id`);

--
-- Indexes for table `migrations`
--
ALTER TABLE `migrations`
  ADD PRIMARY KEY (`id`);

--
-- Indexes for table `motivasies`
--
ALTER TABLE `motivasies`
  ADD PRIMARY KEY (`id`),
  ADD KEY `motivasies_siswa_id_foreign` (`siswa_id`);

--
-- Indexes for table `nilaies`
--
ALTER TABLE `nilaies`
  ADD PRIMARY KEY (`id`);

--
-- Indexes for table `penggunas`
--
ALTER TABLE `penggunas`
  ADD PRIMARY KEY (`id`),
  ADD UNIQUE KEY `penggunas_username_unique` (`username`),
  ADD UNIQUE KEY `penggunas_email_unique` (`email`),
  ADD KEY `penggunas_status_id_foreign` (`status_id`);

--
-- Indexes for table `poins`
--
ALTER TABLE `poins`
  ADD PRIMARY KEY (`id`),
  ADD KEY `poins_siswa_id_foreign` (`siswa_id`),
  ADD KEY `poins_kategori_id_foreign` (`kategori_id`);

--
-- Indexes for table `siswas`
--
ALTER TABLE `siswas`
  ADD PRIMARY KEY (`id`),
  ADD UNIQUE KEY `siswas_nis_unique` (`nis`),
  ADD KEY `siswas_kelas_id_foreign` (`kelas_id`),
  ADD KEY `siswas_nilai_id_foreign` (`nilai_id`);

--
-- Indexes for table `status`
--
ALTER TABLE `status`
  ADD PRIMARY KEY (`id`);

--
-- AUTO_INCREMENT for dumped tables
--

--
-- AUTO_INCREMENT for table `kategories`
--
ALTER TABLE `kategories`
  MODIFY `id` int(10) UNSIGNED NOT NULL AUTO_INCREMENT, AUTO_INCREMENT=4;

--
-- AUTO_INCREMENT for table `kelas`
--
ALTER TABLE `kelas`
  MODIFY `id` int(10) UNSIGNED NOT NULL AUTO_INCREMENT, AUTO_INCREMENT=46;

--
-- AUTO_INCREMENT for table `kelas_grups`
--
ALTER TABLE `kelas_grups`
  MODIFY `id` int(10) UNSIGNED NOT NULL AUTO_INCREMENT, AUTO_INCREMENT=16;

--
-- AUTO_INCREMENT for table `migrations`
--
ALTER TABLE `migrations`
  MODIFY `id` int(10) UNSIGNED NOT NULL AUTO_INCREMENT, AUTO_INCREMENT=10;

--
-- AUTO_INCREMENT for table `motivasies`
--
ALTER TABLE `motivasies`
  MODIFY `id` int(10) UNSIGNED NOT NULL AUTO_INCREMENT, AUTO_INCREMENT=3;

--
-- AUTO_INCREMENT for table `nilaies`
--
ALTER TABLE `nilaies`
  MODIFY `id` int(10) UNSIGNED NOT NULL AUTO_INCREMENT, AUTO_INCREMENT=6;

--
-- AUTO_INCREMENT for table `penggunas`
--
ALTER TABLE `penggunas`
  MODIFY `id` int(10) UNSIGNED NOT NULL AUTO_INCREMENT, AUTO_INCREMENT=12;

--
-- AUTO_INCREMENT for table `poins`
--
ALTER TABLE `poins`
  MODIFY `id` int(10) UNSIGNED NOT NULL AUTO_INCREMENT, AUTO_INCREMENT=10;

--
-- AUTO_INCREMENT for table `siswas`
--
ALTER TABLE `siswas`
  MODIFY `id` int(10) UNSIGNED NOT NULL AUTO_INCREMENT, AUTO_INCREMENT=392;

--
-- AUTO_INCREMENT for table `status`
--
ALTER TABLE `status`
  MODIFY `id` int(10) UNSIGNED NOT NULL AUTO_INCREMENT, AUTO_INCREMENT=3;

--
-- Constraints for dumped tables
--

--
-- Constraints for table `kelas`
--
ALTER TABLE `kelas`
  ADD CONSTRAINT `kelas_kelas_grup_id_foreign` FOREIGN KEY (`kelas_grup_id`) REFERENCES `kelas_grups` (`id`);

--
-- Constraints for table `motivasies`
--
ALTER TABLE `motivasies`
  ADD CONSTRAINT `motivasies_siswa_id_foreign` FOREIGN KEY (`siswa_id`) REFERENCES `siswas` (`id`);

--
-- Constraints for table `penggunas`
--
ALTER TABLE `penggunas`
  ADD CONSTRAINT `penggunas_status_id_foreign` FOREIGN KEY (`status_id`) REFERENCES `status` (`id`);

--
-- Constraints for table `poins`
--
ALTER TABLE `poins`
  ADD CONSTRAINT `poins_kategori_id_foreign` FOREIGN KEY (`kategori_id`) REFERENCES `kategories` (`id`),
  ADD CONSTRAINT `poins_siswa_id_foreign` FOREIGN KEY (`siswa_id`) REFERENCES `siswas` (`id`);

--
-- Constraints for table `siswas`
--
ALTER TABLE `siswas`
  ADD CONSTRAINT `siswas_kelas_id_foreign` FOREIGN KEY (`kelas_id`) REFERENCES `kelas` (`id`),
  ADD CONSTRAINT `siswas_nilai_id_foreign` FOREIGN KEY (`nilai_id`) REFERENCES `nilaies` (`id`);
COMMIT;

/*!40101 SET CHARACTER_SET_CLIENT=@OLD_CHARACTER_SET_CLIENT */;
/*!40101 SET CHARACTER_SET_RESULTS=@OLD_CHARACTER_SET_RESULTS */;
/*!40101 SET COLLATION_CONNECTION=@OLD_COLLATION_CONNECTION */;
